<beans xmlns="http://www.springframework.org/schema/beans"
	xmlns:xsi="http://www.w3.org/2001/XMLSchema-instance"
	xsi:schemaLocation="http://www.springframework.org/schema/beans
   http://www.springframework.org/schema/beans/spring-beans-3.0.xsd">

	<bean id="b" name="com.app.Book" autowire="byName">
		<property name="year" value="2017"></property>
		<property name="bookName" value="abcd"></property>
	</bean>
	<bean name="author" class="com.app.Author">
		<property name="authorAnme" value="bjfh"></property>
	</bean>
</beans>